[
    {
        "fullName": "Faysal",
        "lastName": "Kabir",
        "dob": "2003-12-02",
        "gender": "Male",
        "email": "faysalkabir@gmail.com",
        "phone": "01721459911",
        "NID": "1234",
        "address": "Dhaka",
        "city": "Dhaka",
        "state": "dhaka",
        "zip": "123",
        "password": "$2y$10$Ej3bYe8i7tF7U5HCuw8tvetddJBUYM1kbKw8QikvnJE6Fer3ifpvy"
    },
    {
        "fullName": "faysal",
        "lastName": "kabir",
        "dob": "2003-12-11",
        "gender": "Male",
        "email": "faysalkabir76@gmail.com",
        "phone": "01721569911",
        "NID": "1234",
        "address": "dhaka",
        "city": "dhaka",
        "state": "123",
        "zip": "1234",
        "password": "$2y$10$nId1n41CWDE9HAI4NAsN1OVAq2fL\/ZFpzk\/fXBRiBCtrBq0iDWXgu"
    },
    {
        "fullName": "faysal",
        "lastName": "kabir",
        "dob": "2003-12-11",
        "gender": "Male",
        "email": "faysalkabir76@gmail.com",
        "phone": "01721569911",
        "NID": "1234",
        "address": "dhaka",
        "city": "dhaka",
        "state": "123",
        "zip": "1234",
        "password": "$2y$10$7VuQAuxuWOGGSSkQPU1C7ucPpYmV2nutSZ9NLjvbI9AOOibSorxLm"
    },
    {
        "fullName": "faysal",
        "lastName": "kabir",
        "dob": "2003-01-02",
        "gender": "Male",
        "email": "rongonkumar27@gmail.com",
        "phone": "01772866428",
        "NID": "1234",
        "address": "Dhaka, Bangladesh",
        "city": "Dhaka",
        "state": "dhaka 1200",
        "zip": "1234",
        "password": "$2y$10$FGVqsKK8woBKgB3pJKnjxOHAh5QcMij5GXFuL4DPtrX6FroOxcyzy"
    },
    {
        "fullName": "faysal",
        "lastName": "kabir",
        "dob": "2003-01-02",
        "gender": "Male",
        "email": "rongonkumar27@gmail.com",
        "phone": "01772866428",
        "NID": "1234",
        "address": "Dhaka, Bangladesh",
        "city": "Dhaka",
        "state": "dhaka 1200",
        "zip": "1234",
        "password": "$2y$10$tPxxe2yfrNQoaEtw4qHHqOnCdDyI\/K.2Ym56HdhsTLe9pAUJjKiJq"
    },
    {
        "fullName": "faysal",
        "lastName": "kabir",
        "dob": "2003-01-02",
        "gender": "Male",
        "email": "rongonkumar27@gmail.com",
        "phone": "01772866428",
        "NID": "1234",
        "address": "Dhaka, Bangladesh",
        "city": "Dhaka",
        "state": "dhaka 1200",
        "zip": "1234",
        "password": "$2y$10$5eKUSx\/gItqu8rnURyICLuir4qZNCmDiQUwJWZUAOiEwTDldlK3ru"
    },
    {
        "fullName": "Dip",
        "lastName": "achorjee",
        "dob": "2000-01-12",
        "gender": "Male",
        "email": "dip@gmail.com",
        "phone": "01772866428",
        "NID": "1234",
        "address": "Dhaka, Bangladesh",
        "city": "Dhaka",
        "state": "dhaka 1200",
        "zip": "1234",
        "password": "$2y$10$.OK6iYDYELxFBNm.god.4.Cxvkl..IjXf9.kPgZY6v5tsH7\/wJT.W"
    },
    {
        "fullName": "Rongon",
        "lastName": "saha",
        "dob": "2000-11-10",
        "gender": "Male",
        "email": "rongon@gmail.com",
        "phone": "01772866428",
        "NID": "1234",
        "address": "Dhaka, Bangladesh",
        "city": "Dhaka",
        "state": "dhaka 1200",
        "zip": "1234",
        "password": "$2y$10$XJxgnIAKEZRjHa0nQPiSueZoSWpRu8ZUIS04SvCc\/UCugfZhX1zqe"
    }
]