[
    {
        "merchant_name": "rongon",
        "email": "rongonkumar27@aiub.edu",
        "password": "$2y$10$VC7eyYJ2sMtQDPkxtQgVTOvln5E\/85Dr2s\/x7zsfT9S0M82ZcCVoS",
        "business_name": null,
        "business_reg_number": null,
        "business_type": null,
        "business_address": null,
        "contact_number": "1234",
        "business_website": null,
        "payment_method": "Bank Transfer"
    },
    {
        "merchant_name": "rongon",
        "email": "rongonkumar27@aiub.edu",
        "password": "$2y$10$4hnyf\/FQ63UMUR2XLYEdX.dHClppMtmvCmXHBmV6Va79vEWm98Uwy",
        "business_name": "fsadf",
        "business_reg_number": "1",
        "business_type": "job",
        "business_address": "dhaka",
        "contact_number": "1234",
        "business_website": "http:\/\/localhost\/BankManagementSystem\/views\/signup.php",
        "payment_method": "Bank Transfer"
    },
    {
        "merchant_name": "rongon",
        "email": "rongonkumar27@aiub.edu",
        "password": "$2y$10$ivTiZw\/EdYuFP8SECbZhpuhzmZJXw9U.0DoNeqQHDe4VJSi6C.lSG",
        "business_name": "fsadf",
        "business_reg_number": "1",
        "business_type": "job",
        "business_address": "dhaka",
        "contact_number": "1234",
        "business_website": null,
        "payment_method": "Bank Transfer"
    },
    {
        "merchant_name": "rongon",
        "email": "rongonkumar27@aiub.edu",
        "password": "$2y$10$D9QqkYQTj77bTFAML4NjgeI4qo4kqNaJf8kHFA90x\/8wX6Hse0tlK",
        "business_name": "fsadf",
        "business_reg_number": "1",
        "business_type": "job",
        "business_address": "dhaka",
        "contact_number": "1234",
        "website": null,
        "payment_method": "Bank Transfer"
    },
    {
        "merchant_name": "rongon",
        "email": "rongonkumar27@aiub.edu",
        "password": "$2y$10$ptOErtz95I8myqIfFoBVi.wkDRrFTl1hJiRMk\/jr7lFAwmQZ2OcJK",
        "business_name": "fsadf",
        "business_reg_number": "1",
        "business_type": "job",
        "business_address": "dhaka",
        "contact_number": "1234",
        "business_website": null,
        "payment_method": "Bank Transfer"
    },
    {
        "merchant_name": "rongon",
        "email": "rongonkumar27@aiub.edu",
        "password": "$2y$10$R4Z\/v8Is728kflTFmOISmOzO2Pnq80duLusg1uQN5Q56HKuOZ26aO",
        "business_name": "fsadf",
        "business_reg_number": "1",
        "business_type": "job",
        "business_address": "dhaka",
        "contact_number": "1234",
        "business_website": "http:\/\/localhost\/BankManagementSystem\/views\/signup.php?",
        "payment_method": "Bank Transfer"
    },
    {
        "merchant_name": "rongon",
        "email": "rongonkumar27@aiub.edu",
        "password": "$2y$10$qK0duKGJE4ITCY9PbgiaCOTYSivXxks4uqx97EfcZBS6jXQ1WMYTi",
        "business_name": "fsadf",
        "business_reg_number": "1",
        "business_type": "job",
        "business_address": "dhaka",
        "contact_number": "1234",
        "business_website": "http:\/\/localhost\/BankManagementSystem\/views\/signup.php?",
        "payment_method": "Bank Transfer"
    },
    {
        "merchant_name": "rongon",
        "email": "rongonkumar27@aiub.edu",
        "password": "$2y$10$pVemh9su3PK1\/.kluMefVuf29udZZcG7lQRwE3XzCmTciR2H5JnSa",
        "business_name": "fsadf",
        "business_reg_number": "1",
        "business_type": "job",
        "business_address": "dhaka",
        "contact_number": "1234",
        "business_website": "http:\/\/localhost\/BankManagementSystem\/views\/signup.php?",
        "payment_method": "Bank Transfer"
    },
    {
        "merchant_name": "rongon",
        "email": "rongonkumar27@aiub.edu",
        "password": "$2y$10$6WLfFtf6l2KeFZLQ4o8WuO5\/vaGPEfCCOhFZobU.4EuZonT\/fQaUW",
        "business_name": "fsadf",
        "business_reg_number": "1",
        "business_type": "job",
        "business_address": "dhaka",
        "contact_number": "1234",
        "business_website": "http:\/\/localhost\/BankManagementSystem\/views\/signup.php?",
        "payment_method": "Bank Transfer"
    },
    {
        "merchant_name": "rongon",
        "email": "rongonkumar27@aiub.edu",
        "password": "$2y$10$lxQKcy01H23Gv5B7H.FtUuJXVR8IWV5wF1g7Aq5.8Iy.RtXgv9F2u",
        "business_name": "fsadf",
        "business_reg_number": "1",
        "business_type": "job",
        "business_address": "dhaka",
        "contact_number": "12344",
        "business_website": "http:\/\/localhost\/BankManagementSystem\/views\/signup.php?",
        "payment_method": "Bank Transfer"
    },
    {
        "merchant_name": "rongon",
        "email": "rongonkumar27@aiub.edu",
        "password": "$2y$10$W2CSMW\/GUcdmdFUKdbau5uM2eUtRvK8IK53KJFDksS74wjrWfnIGC",
        "business_name": "sdfas",
        "business_reg_number": "asfda",
        "business_type": "fasd",
        "business_address": "fasdg",
        "contact_number": "01772866428",
        "business_website": "http:\/\/localhost\/BankManagementSystem\/views\/signup.php",
        "payment_method": "Bank Transfer"
    },
    {
        "merchant_name": "rongon",
        "email": "rongonkumar27@aiub.edu",
        "password": "$2y$10$2NIFU9u5iUeCI1pMTQO3luzdPbd2m2ONh6Rxmf7HmBAibyF32HWlG",
        "business_name": "fasdf",
        "business_reg_number": "fasdffasd",
        "business_type": "fasdf",
        "business_address": "fasdf",
        "contact_number": "01772866428",
        "business_website": "http:\/\/localhost\/BankManagementSystem\/views\/signup.php",
        "payment_method": "Bank Transfer"
    },
    {
        "merchant_name": "rongon",
        "email": "rongonkm@aiub.edu",
        "password": "$2y$10$33BwHACIwYmLMtdjRVkj7OGnkgzy231WprVvTOaalnIC35ncMs40W",
        "business_name": "fasdf",
        "business_reg_number": "fasdfsa",
        "business_type": "asdfas",
        "business_address": "fasdfas",
        "contact_number": "01772866428",
        "business_website": "http:\/\/localhost\/BankManagementSystem\/views\/signup.php",
        "payment_method": "Credit Card"
    },
    {
        "merchant_name": "jimmagi",
        "email": "jim@aiub.edu",
        "password": "$2y$10$1JRp0c1RCvie91VyoJqYIugD.lYmKANkdi5zOx1dMkiOQsyV9JefO",
        "business_name": "fasdf",
        "business_reg_number": "fasdfsa",
        "business_type": "asdfas",
        "business_address": "fasdfas",
        "contact_number": "01772866428",
        "business_website": "http:\/\/localhost\/BankManagementSystem\/views\/signup.php",
        "payment_method": "Credit Card"
    },
    {
        "merchant_name": "rongon",
        "email": "rks@aiub.edu",
        "password": "$2y$10$1ctdheJ.mOk6ZqTaXiDlBukAHdHOBsuz74sShEszkiRqnA5xJVaZu",
        "business_name": "food",
        "business_reg_number": "123",
        "business_type": "govt",
        "business_address": "dhaka",
        "contact_number": "01772866428",
        "business_website": "http:\/\/localhost\/BankManagementSystem\/views\/signup.php",
        "payment_method": "Bank Transfer"
    },
    {
        "merchant_name": "rongonsaha",
        "email": "rongonsaha10@aiub.edu",
        "password": "$2y$10$jFKrbfWtJP3B4ZhR9wBT.eJ8xKttAgE8pwedWiNwYK.1xOnzXnEjW",
        "business_name": "food",
        "business_reg_number": "123",
        "business_type": "govt",
        "business_address": "dhaka",
        "contact_number": "01772866428",
        "business_website": "http:\/\/localhost\/BankManagementSystem\/views\/signup.php?",
        "payment_method": "Bank Transfer"
    },
    {
        "merchant_name": "Rangon Kumar Shaha",
        "email": "22-46585-1@student.aiub.edu",
        "password": "$2y$10$42mEZvzAtXB0.jk4i7MrWOc3ZebhK84WqVU2a8xariHy5nXCUxyti",
        "business_name": "Food",
        "business_reg_number": "1234",
        "business_type": "govt",
        "business_address": "Dhaka, Bangladesh",
        "contact_number": "01772866428",
        "business_website": "http:\/\/localhost\/BankManagementSystem\/views\/signup.php",
        "payment_method": "Bank Transfer"
    },
    {
        "merchant_name": "Rangon Kumar Shaha",
        "email": "22-46585-1@student.aiub.edu",
        "password": "1234qwer",
        "business_name": "Food",
        "business_reg_number": "1234",
        "business_type": "govt",
        "business_address": "Dhaka, Bangladesh",
        "contact_number": "01772866428",
        "business_website": "http:\/\/localhost\/BankManagementSystem\/views\/signup.php",
        "payment_method": "Bank Transfer"
    }
]